Tarikh Miladi,Tarikh Hijri,Hari,Imsak,Subuh,Syuruk,Zohor,Asar,Maghrib,Isyak
1/1/2025,01-Rej-1446,Rabu,5:58 AM,6:08 AM,7:22 AM,1:17 PM,4:38 PM,7:10 PM,8:20 PM
2/1/2025,02-Rej-1446,Khamis,5:58 AM,6:08 AM,7:22 AM,1:18 PM,4:39 PM,7:10 PM,8:20 PM
3/1/2025,03-Rej-1446,Jumaat,5:59 AM,6:09 AM,7:23 AM,1:18 PM,4:39 PM,7:11 PM,8:21 PM
4/1/2025,04-Rej-1446,Sabtu,5:59 AM,6:09 AM,7:23 AM,1:19 PM,4:40 PM,7:11 PM,8:21 PM
5/1/2025,05-Rej-1446,Ahad,6:00 AM,6:10 AM,7:23 AM,1:19 PM,4:40 PM,7:12 PM,8:22 PM
6/1/2025,06-Rej-1446,Isnin,6:00 AM,6:10 AM,7:24 AM,1:19 PM,4:41 PM,7:12 PM,8:22 PM
7/1/2025,07-Rej-1446,Selasa,6:01 AM,6:11 AM,7:24 AM,1:20 PM,4:41 PM,7:13 PM,8:23 PM
8/1/2025,08-Rej-1446,Rabu,6:01 AM,6:11 AM,7:24 AM,1:20 PM,4:41 PM,7:13 PM,8:23 PM
9/1/2025,09-Rej-1446,Khamis,6:02 AM,6:12 AM,7:25 AM,1:21 PM,4:42 PM,7:13 PM,8:23 PM
10/1/2025,10-Rej-1446,Jumaat,6:02 AM,6:12 AM,7:25 AM,1:21 PM,4:42 PM,7:14 PM,8:24 PM
11/1/2025,11-Rej-1446,Sabtu,6:02 AM,6:12 AM,7:26 AM,1:22 PM,4:43 PM,7:14 PM,8:24 PM
12/1/2025,12-Rej-1446,Ahad,6:03 AM,6:13 AM,7:26 AM,1:22 PM,4:43 PM,7:15 PM,8:25 PM
13/1/2025,13-Rej-1446,Isnin,6:03 AM,6:13 AM,7:26 AM,1:22 PM,4:43 PM,7:15 PM,8:25 PM
14/1/2025,14-Rej-1446,Selasa,6:04 AM,6:14 AM,7:26 AM,1:23 PM,4:44 PM,7:16 PM,8:25 PM
15/1/2025,15-Rej-1446,Rabu,6:04 AM,6:14 AM,7:27 AM,1:23 PM,4:44 PM,7:16 PM,8:26 PM
16/1/2025,16-Rej-1446,Khamis,6:04 AM,6:14 AM,7:27 AM,1:23 PM,4:45 PM,7:17 PM,8:26 PM
17/1/2025,17-Rej-1446,Jumaat,6:05 AM,6:15 AM,7:27 AM,1:24 PM,4:45 PM,7:17 PM,8:26 PM
18/1/2025,18-Rej-1446,Sabtu,6:05 AM,6:15 AM,7:27 AM,1:24 PM,4:45 PM,7:18 PM,8:27 PM
19/1/2025,19-Rej-1446,Ahad,6:05 AM,6:15 AM,7:28 AM,1:24 PM,4:46 PM,7:18 PM,8:27 PM
20/1/2025,20-Rej-1446,Isnin,6:06 AM,6:16 AM,7:28 AM,1:25 PM,4:46 PM,7:18 PM,8:27 PM
21/1/2025,21-Rej-1446,Selasa,6:06 AM,6:16 AM,7:28 AM,1:25 PM,4:46 PM,7:19 PM,8:28 PM
22/1/2025,22-Rej-1446,Rabu,6:06 AM,6:16 AM,7:28 AM,1:25 PM,4:46 PM,7:19 PM,8:28 PM
23/1/2025,23-Rej-1446,Khamis,6:06 AM,6:16 AM,7:28 AM,1:25 PM,4:47 PM,7:19 PM,8:28 PM
24/1/2025,24-Rej-1446,Jumaat,6:07 AM,6:17 AM,7:28 AM,1:26 PM,4:47 PM,7:20 PM,8:28 PM
25/1/2025,25-Rej-1446,Sabtu,6:07 AM,6:17 AM,7:29 AM,1:26 PM,4:47 PM,7:20 PM,8:29 PM
26/1/2025,26-Rej-1446,Ahad,6:07 AM,6:17 AM,7:29 AM,1:26 PM,4:47 PM,7:20 PM,8:29 PM
27/1/2025,27-Rej-1446,Isnin,6:07 AM,6:17 AM,7:29 AM,1:26 PM,4:47 PM,7:21 PM,8:29 PM
28/1/2025,28-Rej-1446,Selasa,6:07 AM,6:17 AM,7:29 AM,1:27 PM,4:48 PM,7:21 PM,8:29 PM
29/1/2025,29-Rej-1446,Rabu,6:08 AM,6:18 AM,7:29 AM,1:27 PM,4:48 PM,7:21 PM,8:29 PM
30/1/2025,30-Rej-1446,Khamis,6:08 AM,6:18 AM,7:29 AM,1:27 PM,4:48 PM,7:22 PM,8:30 PM
31/1/2025,01-Syb-1446,Jumaat,6:08 AM,6:18 AM,7:29 AM,1:27 PM,4:48 PM,7:22 PM,8:30 PM
1/2/2025,02-Syb-1446,Sabtu,6:08 AM,6:18 AM,7:29 AM,1:27 PM,4:48 PM,7:22 PM,8:30 PM
2/2/2025,03-Syb-1446,Ahad,6:08 AM,6:18 AM,7:29 AM,1:27 PM,4:48 PM,7:22 PM,8:30 PM
3/2/2025,04-Syb-1446,Isnin,6:08 AM,6:18 AM,7:29 AM,1:27 PM,4:48 PM,7:23 PM,8:30 PM
4/2/2025,05-Syb-1446,Selasa,6:08 AM,6:18 AM,7:29 AM,1:28 PM,4:48 PM,7:23 PM,8:30 PM
5/2/2025,06-Syb-1446,Rabu,6:08 AM,6:18 AM,7:29 AM,1:28 PM,4:48 PM,7:23 PM,8:31 PM
6/2/2025,07-Syb-1446,Khamis,6:08 AM,6:18 AM,7:29 AM,1:28 PM,4:48 PM,7:23 PM,8:31 PM
7/2/2025,08-Syb-1446,Jumaat,6:08 AM,6:18 AM,7:29 AM,1:28 PM,4:48 PM,7:24 PM,8:31 PM
8/2/2025,09-Syb-1446,Sabtu,6:08 AM,6:18 AM,7:29 AM,1:28 PM,4:48 PM,7:24 PM,8:31 PM
9/2/2025,10-Syb-1446,Ahad,6:08 AM,6:18 AM,7:29 AM,1:28 PM,4:48 PM,7:24 PM,8:31 PM
10/2/2025,11-Syb-1446,Isnin,6:08 AM,6:18 AM,7:28 AM,1:28 PM,4:48 PM,7:24 PM,8:31 PM
11/2/2025,12-Syb-1446,Selasa,6:08 AM,6:18 AM,7:28 AM,1:28 PM,4:48 PM,7:24 PM,8:31 PM
12/2/2025,13-Syb-1446,Rabu,6:08 AM,6:18 AM,7:28 AM,1:28 PM,4:48 PM,7:24 PM,8:31 PM
13/2/2025,14-Syb-1446,Khamis,6:08 AM,6:18 AM,7:28 AM,1:28 PM,4:48 PM,7:24 PM,8:31 PM
14/2/2025,15-Syb-1446,Jumaat,6:08 AM,6:18 AM,7:28 AM,1:28 PM,4:47 PM,7:25 PM,8:31 PM
15/2/2025,16-Syb-1446,Sabtu,6:08 AM,6:18 AM,7:28 AM,1:28 PM,4:47 PM,7:25 PM,8:31 PM
16/2/2025,17-Syb-1446,Ahad,6:08 AM,6:18 AM,7:27 AM,1:28 PM,4:47 PM,7:25 PM,8:31 PM
17/2/2025,18-Syb-1446,Isnin,6:08 AM,6:18 AM,7:27 AM,1:28 PM,4:47 PM,7:25 PM,8:31 PM
18/2/2025,19-Syb-1446,Selasa,6:08 AM,6:18 AM,7:27 AM,1:28 PM,4:47 PM,7:25 PM,8:31 PM
19/2/2025,20-Syb-1446,Rabu,6:08 AM,6:18 AM,7:27 AM,1:27 PM,4:46 PM,7:25 PM,8:31 PM
20/2/2025,21-Syb-1446,Khamis,6:07 AM,6:17 AM,7:26 AM,1:27 PM,4:46 PM,7:25 PM,8:31 PM
21/2/2025,22-Syb-1446,Jumaat,6:07 AM,6:17 AM,7:26 AM,1:27 PM,4:46 PM,7:25 PM,8:31 PM
22/2/2025,23-Syb-1446,Sabtu,6:07 AM,6:17 AM,7:26 AM,1:27 PM,4:45 PM,7:25 PM,8:31 PM
23/2/2025,24-Syb-1446,Ahad,6:07 AM,6:17 AM,7:26 AM,1:27 PM,4:45 PM,7:25 PM,8:31 PM
24/2/2025,25-Syb-1446,Isnin,6:07 AM,6:17 AM,7:25 AM,1:27 PM,4:45 PM,7:25 PM,8:31 PM
25/2/2025,26-Syb-1446,Selasa,6:06 AM,6:16 AM,7:25 AM,1:27 PM,4:44 PM,7:25 PM,8:31 PM
26/2/2025,27-Syb-1446,Rabu,6:06 AM,6:16 AM,7:25 AM,1:27 PM,4:44 PM,7:25 PM,8:31 PM
27/2/2025,28-Syb-1446,Khamis,6:06 AM,6:16 AM,7:24 AM,1:26 PM,4:43 PM,7:25 PM,8:31 PM
28/2/2025,29-Syb-1446,Jumaat,6:05 AM,6:15 AM,7:24 AM,1:26 PM,4:43 PM,7:25 PM,8:31 PM
1/3/2025,30-Syb-1446,Sabtu,6:05 AM,6:15 AM,7:24 AM,1:26 PM,4:43 PM,7:25 PM,8:31 PM
2/3/2025,01-Ram-1446,Ahad,6:05 AM,6:15 AM,7:23 AM,1:26 PM,4:42 PM,7:25 PM,8:30 PM
3/3/2025,02-Ram-1446,Isnin,6:05 AM,6:15 AM,7:23 AM,1:26 PM,4:42 PM,7:25 PM,8:30 PM
4/3/2025,03-Ram-1446,Selasa,6:04 AM,6:14 AM,7:23 AM,1:25 PM,4:41 PM,7:25 PM,8:30 PM
5/3/2025,04-Ram-1446,Rabu,6:04 AM,6:14 AM,7:22 AM,1:25 PM,4:41 PM,7:25 PM,8:30 PM
6/3/2025,05-Ram-1446,Khamis,6:04 AM,6:14 AM,7:22 AM,1:25 PM,4:40 PM,7:25 PM,8:30 PM
7/3/2025,06-Ram-1446,Jumaat,6:03 AM,6:13 AM,7:21 AM,1:25 PM,4:39 PM,7:25 PM,8:30 PM
8/3/2025,07-Ram-1446,Sabtu,6:03 AM,6:13 AM,7:21 AM,1:24 PM,4:39 PM,7:25 PM,8:30 PM
9/3/2025,08-Ram-1446,Ahad,6:02 AM,6:12 AM,7:21 AM,1:24 PM,4:38 PM,7:25 PM,8:30 PM
10/3/2025,09-Ram-1446,Isnin,6:02 AM,6:12 AM,7:20 AM,1:24 PM,4:38 PM,7:25 PM,8:30 PM
11/3/2025,10-Ram-1446,Selasa,6:02 AM,6:12 AM,7:20 AM,1:24 PM,4:37 PM,7:24 PM,8:30 PM
12/3/2025,11-Ram-1446,Rabu,6:01 AM,6:11 AM,7:19 AM,1:23 PM,4:36 PM,7:24 PM,8:29 PM
13/3/2025,12-Ram-1446,Khamis,6:01 AM,6:11 AM,7:19 AM,1:23 PM,4:36 PM,7:24 PM,8:29 PM
14/3/2025,13-Ram-1446,Jumaat,6:00 AM,6:10 AM,7:18 AM,1:23 PM,4:35 PM,7:24 PM,8:29 PM
15/3/2025,14-Ram-1446,Sabtu,6:00 AM,6:10 AM,7:18 AM,1:23 PM,4:34 PM,7:24 PM,8:29 PM
16/3/2025,15-Ram-1446,Ahad,5:59 AM,6:09 AM,7:18 AM,1:22 PM,4:33 PM,7:24 PM,8:29 PM
17/3/2025,16-Ram-1446,Isnin,5:59 AM,6:09 AM,7:17 AM,1:22 PM,4:33 PM,7:24 PM,8:29 PM
18/3/2025,17-Ram-1446,Selasa,5:59 AM,6:09 AM,7:17 AM,1:22 PM,4:32 PM,7:24 PM,8:29 PM
19/3/2025,18-Ram-1446,Rabu,5:58 AM,6:08 AM,7:16 AM,1:21 PM,4:31 PM,7:23 PM,8:29 PM
20/3/2025,19-Ram-1446,Khamis,5:58 AM,6:08 AM,7:16 AM,1:21 PM,4:30 PM,7:23 PM,8:28 PM
21/3/2025,20-Ram-1446,Jumaat,5:57 AM,6:07 AM,7:15 AM,1:21 PM,4:30 PM,7:23 PM,8:28 PM
22/3/2025,21-Ram-1446,Sabtu,5:57 AM,6:07 AM,7:15 AM,1:21 PM,4:29 PM,7:23 PM,8:28 PM
23/3/2025,22-Ram-1446,Ahad,5:56 AM,6:06 AM,7:14 AM,1:20 PM,4:28 PM,7:23 PM,8:28 PM
24/3/2025,23-Ram-1446,Isnin,5:56 AM,6:06 AM,7:14 AM,1:20 PM,4:27 PM,7:23 PM,8:28 PM
25/3/2025,24-Ram-1446,Selasa,5:55 AM,6:05 AM,7:13 AM,1:20 PM,4:26 PM,7:23 PM,8:28 PM
26/3/2025,25-Ram-1446,Rabu,5:55 AM,6:05 AM,7:13 AM,1:19 PM,4:25 PM,7:23 PM,8:28 PM
27/3/2025,26-Ram-1446,Khamis,5:54 AM,6:04 AM,7:12 AM,1:19 PM,4:25 PM,7:22 PM,8:28 PM
28/3/2025,27-Ram-1446,Jumaat,5:54 AM,6:04 AM,7:12 AM,1:19 PM,4:24 PM,7:22 PM,8:27 PM
29/3/2025,28-Ram-1446,Sabtu,5:53 AM,6:03 AM,7:12 AM,1:18 PM,4:23 PM,7:22 PM,8:27 PM
30/3/2025,29-Ram-1446,Ahad,5:53 AM,6:03 AM,7:11 AM,1:18 PM,4:22 PM,7:22 PM,8:27 PM
31/3/2025,01-Syw-1446,Isnin,5:52 AM,6:02 AM,7:11 AM,1:18 PM,4:21 PM,7:22 PM,8:27 PM
1/4/2025,02-Syw-1446,Selasa,5:52 AM,6:02 AM,7:10 AM,1:18 PM,4:20 PM,7:22 PM,8:27 PM
2/4/2025,03-Syw-1446,Rabu,5:51 AM,6:01 AM,7:10 AM,1:17 PM,4:19 PM,7:22 PM,8:27 PM
3/4/2025,04-Syw-1446,Khamis,5:51 AM,6:01 AM,7:09 AM,1:17 PM,4:18 PM,7:22 PM,8:27 PM
4/4/2025,05-Syw-1446,Jumaat,5:50 AM,6:00 AM,7:09 AM,1:17 PM,4:17 PM,7:21 PM,8:27 PM
5/4/2025,06-Syw-1446,Sabtu,5:50 AM,6:00 AM,7:08 AM,1:16 PM,4:17 PM,7:21 PM,8:27 PM
6/4/2025,07-Syw-1446,Ahad,5:49 AM,5:59 AM,7:08 AM,1:16 PM,4:17 PM,7:21 PM,8:27 PM
7/4/2025,08-Syw-1446,Isnin,5:49 AM,5:59 AM,7:07 AM,1:16 PM,4:18 PM,7:21 PM,8:27 PM
8/4/2025,09-Syw-1446,Selasa,5:48 AM,5:58 AM,7:07 AM,1:16 PM,4:18 PM,7:21 PM,8:27 PM
9/4/2025,10-Syw-1446,Rabu,5:48 AM,5:58 AM,7:07 AM,1:15 PM,4:19 PM,7:21 PM,8:27 PM
10/4/2025,11-Syw-1446,Khamis,5:47 AM,5:57 AM,7:06 AM,1:15 PM,4:19 PM,7:21 PM,8:27 PM
11/4/2025,12-Syw-1446,Jumaat,5:47 AM,5:57 AM,7:06 AM,1:15 PM,4:20 PM,7:21 PM,8:27 PM
12/4/2025,13-Syw-1446,Sabtu,5:46 AM,5:56 AM,7:05 AM,1:14 PM,4:20 PM,7:20 PM,8:27 PM
13/4/2025,14-Syw-1446,Ahad,5:46 AM,5:56 AM,7:05 AM,1:14 PM,4:21 PM,7:20 PM,8:26 PM
14/4/2025,15-Syw-1446,Isnin,5:45 AM,5:55 AM,7:04 AM,1:14 PM,4:21 PM,7:20 PM,8:26 PM
15/4/2025,16-Syw-1446,Selasa,5:45 AM,5:55 AM,7:04 AM,1:14 PM,4:21 PM,7:20 PM,8:26 PM
16/4/2025,17-Syw-1446,Rabu,5:44 AM,5:54 AM,7:04 AM,1:13 PM,4:22 PM,7:20 PM,8:26 PM
17/4/2025,18-Syw-1446,Khamis,5:44 AM,5:54 AM,7:03 AM,1:13 PM,4:22 PM,7:20 PM,8:26 PM
18/4/2025,19-Syw-1446,Jumaat,5:43 AM,5:53 AM,7:03 AM,1:13 PM,4:23 PM,7:20 PM,8:27 PM
19/4/2025,20-Syw-1446,Sabtu,5:43 AM,5:53 AM,7:02 AM,1:13 PM,4:23 PM,7:20 PM,8:27 PM
20/4/2025,21-Syw-1446,Ahad,5:42 AM,5:52 AM,7:02 AM,1:13 PM,4:23 PM,7:20 PM,8:27 PM
21/4/2025,22-Syw-1446,Isnin,5:42 AM,5:52 AM,7:02 AM,1:12 PM,4:24 PM,7:20 PM,8:27 PM
22/4/2025,23-Syw-1446,Selasa,5:41 AM,5:51 AM,7:01 AM,1:12 PM,4:24 PM,7:20 PM,8:27 PM
23/4/2025,24-Syw-1446,Rabu,5:41 AM,5:51 AM,7:01 AM,1:12 PM,4:24 PM,7:20 PM,8:27 PM
24/4/2025,25-Syw-1446,Khamis,5:40 AM,5:50 AM,7:01 AM,1:12 PM,4:25 PM,7:20 PM,8:27 PM
25/4/2025,26-Syw-1446,Jumaat,5:40 AM,5:50 AM,7:00 AM,1:12 PM,4:25 PM,7:20 PM,8:27 PM
26/4/2025,27-Syw-1446,Sabtu,5:40 AM,5:50 AM,7:00 AM,1:11 PM,4:25 PM,7:20 PM,8:27 PM
27/4/2025,28-Syw-1446,Ahad,5:39 AM,5:49 AM,7:00 AM,1:11 PM,4:26 PM,7:20 PM,8:27 PM
28/4/2025,29-Syw-1446,Isnin,5:39 AM,5:49 AM,6:59 AM,1:11 PM,4:26 PM,7:20 PM,8:27 PM
29/4/2025,01-Zkh-1446,Selasa,5:38 AM,5:48 AM,6:59 AM,1:11 PM,4:26 PM,7:20 PM,8:27 PM
30/4/2025,02-Zkh-1446,Rabu,5:38 AM,5:48 AM,6:59 AM,1:11 PM,4:27 PM,7:20 PM,8:27 PM
1/5/2025,03-Zkh-1446,Khamis,5:38 AM,5:48 AM,6:59 AM,1:11 PM,4:27 PM,7:20 PM,8:28 PM
2/5/2025,04-Zkh-1446,Jumaat,5:37 AM,5:47 AM,6:58 AM,1:11 PM,4:27 PM,7:20 PM,8:28 PM
3/5/2025,05-Zkh-1446,Sabtu,5:37 AM,5:47 AM,6:58 AM,1:11 PM,4:28 PM,7:20 PM,8:28 PM
4/5/2025,06-Zkh-1446,Ahad,5:37 AM,5:47 AM,6:58 AM,1:10 PM,4:28 PM,7:20 PM,8:28 PM
5/5/2025,07-Zkh-1446,Isnin,5:36 AM,5:46 AM,6:58 AM,1:10 PM,4:28 PM,7:20 PM,8:28 PM
6/5/2025,08-Zkh-1446,Selasa,5:36 AM,5:46 AM,6:57 AM,1:10 PM,4:29 PM,7:20 PM,8:28 PM
7/5/2025,09-Zkh-1446,Rabu,5:36 AM,5:46 AM,6:57 AM,1:10 PM,4:29 PM,7:20 PM,8:28 PM
8/5/2025,10-Zkh-1446,Khamis,5:35 AM,5:45 AM,6:57 AM,1:10 PM,4:29 PM,7:20 PM,8:29 PM
9/5/2025,11-Zkh-1446,Jumaat,5:35 AM,5:45 AM,6:57 AM,1:10 PM,4:30 PM,7:20 PM,8:29 PM
10/5/2025,12-Zkh-1446,Sabtu,5:35 AM,5:45 AM,6:57 AM,1:10 PM,4:30 PM,7:20 PM,8:29 PM
11/5/2025,13-Zkh-1446,Ahad,5:34 AM,5:44 AM,6:57 AM,1:10 PM,4:30 PM,7:20 PM,8:29 PM
12/5/2025,14-Zkh-1446,Isnin,5:34 AM,5:44 AM,6:56 AM,1:10 PM,4:30 PM,7:20 PM,8:29 PM
13/5/2025,15-Zkh-1446,Selasa,5:34 AM,5:44 AM,6:56 AM,1:10 PM,4:31 PM,7:21 PM,8:30 PM
14/5/2025,16-Zkh-1446,Rabu,5:34 AM,5:44 AM,6:56 AM,1:10 PM,4:31 PM,7:21 PM,8:30 PM
15/5/2025,17-Zkh-1446,Khamis,5:33 AM,5:43 AM,6:56 AM,1:10 PM,4:31 PM,7:21 PM,8:30 PM
16/5/2025,18-Zkh-1446,Jumaat,5:33 AM,5:43 AM,6:56 AM,1:10 PM,4:32 PM,7:21 PM,8:30 PM
17/5/2025,19-Zkh-1446,Sabtu,5:33 AM,5:43 AM,6:56 AM,1:10 PM,4:32 PM,7:21 PM,8:31 PM
18/5/2025,20-Zkh-1446,Ahad,5:33 AM,5:43 AM,6:56 AM,1:10 PM,4:32 PM,7:21 PM,8:31 PM
19/5/2025,21-Zkh-1446,Isnin,5:33 AM,5:43 AM,6:56 AM,1:10 PM,4:33 PM,7:21 PM,8:31 PM
20/5/2025,22-Zkh-1446,Selasa,5:32 AM,5:42 AM,6:56 AM,1:10 PM,4:33 PM,7:21 PM,8:31 PM
21/5/2025,23-Zkh-1446,Rabu,5:32 AM,5:42 AM,6:56 AM,1:10 PM,4:33 PM,7:22 PM,8:32 PM
22/5/2025,24-Zkh-1446,Khamis,5:32 AM,5:42 AM,6:56 AM,1:10 PM,4:33 PM,7:22 PM,8:32 PM
23/5/2025,25-Zkh-1446,Jumaat,5:32 AM,5:42 AM,6:56 AM,1:10 PM,4:34 PM,7:22 PM,8:32 PM
24/5/2025,26-Zkh-1446,Sabtu,5:32 AM,5:42 AM,6:56 AM,1:10 PM,4:34 PM,7:22 PM,8:32 PM
25/5/2025,27-Zkh-1446,Ahad,5:32 AM,5:42 AM,6:56 AM,1:11 PM,4:34 PM,7:22 PM,8:33 PM
26/5/2025,28-Zkh-1446,Isnin,5:32 AM,5:42 AM,6:56 AM,1:11 PM,4:35 PM,7:23 PM,8:33 PM
27/5/2025,29-Zkh-1446,Selasa,5:32 AM,5:42 AM,6:56 AM,1:11 PM,4:35 PM,7:23 PM,8:33 PM
28/5/2025,30-Zkh-1446,Rabu,5:32 AM,5:42 AM,6:56 AM,1:11 PM,4:35 PM,7:23 PM,8:34 PM
29/5/2025,01-Zhj-1446,Khamis,5:32 AM,5:42 AM,6:56 AM,1:11 PM,4:35 PM,7:23 PM,8:34 PM
30/5/2025,02-Zhj-1446,Jumaat,5:32 AM,5:42 AM,6:56 AM,1:11 PM,4:36 PM,7:23 PM,8:34 PM
31/5/2025,03-Zhj-1446,Sabtu,5:32 AM,5:42 AM,6:56 AM,1:11 PM,4:36 PM,7:24 PM,8:35 PM
1/6/2025,04-Zhj-1446,Ahad,5:32 AM,5:42 AM,6:56 AM,1:11 PM,4:36 PM,7:24 PM,8:35 PM
2/6/2025,05-Zhj-1446,Isnin,5:32 AM,5:42 AM,6:56 AM,1:12 PM,4:37 PM,7:24 PM,8:35 PM
3/6/2025,06-Zhj-1446,Selasa,5:32 AM,5:42 AM,6:56 AM,1:12 PM,4:37 PM,7:24 PM,8:35 PM
4/6/2025,07-Zhj-1446,Rabu,5:32 AM,5:42 AM,6:56 AM,1:12 PM,4:37 PM,7:25 PM,8:36 PM
5/6/2025,08-Zhj-1446,Khamis,5:32 AM,5:42 AM,6:56 AM,1:12 PM,4:38 PM,7:25 PM,8:36 PM
6/6/2025,09-Zhj-1446,Jumaat,5:32 AM,5:42 AM,6:57 AM,1:12 PM,4:38 PM,7:25 PM,8:36 PM
7/6/2025,10-Zhj-1446,Sabtu,5:32 AM,5:42 AM,6:57 AM,1:13 PM,4:38 PM,7:25 PM,8:37 PM
8/6/2025,11-Zhj-1446,Ahad,5:32 AM,5:42 AM,6:57 AM,1:13 PM,4:38 PM,7:25 PM,8:37 PM
9/6/2025,12-Zhj-1446,Isnin,5:32 AM,5:42 AM,6:57 AM,1:13 PM,4:39 PM,7:26 PM,8:37 PM
10/6/2025,13-Zhj-1446,Selasa,5:32 AM,5:42 AM,6:57 AM,1:13 PM,4:39 PM,7:26 PM,8:37 PM
11/6/2025,14-Zhj-1446,Rabu,5:32 AM,5:42 AM,6:57 AM,1:13 PM,4:39 PM,7:26 PM,8:38 PM
12/6/2025,15-Zhj-1446,Khamis,5:32 AM,5:42 AM,6:57 AM,1:14 PM,4:39 PM,7:26 PM,8:38 PM
13/6/2025,16-Zhj-1446,Jumaat,5:32 AM,5:42 AM,6:58 AM,1:14 PM,4:40 PM,7:27 PM,8:38 PM
14/6/2025,17-Zhj-1446,Sabtu,5:33 AM,5:43 AM,6:58 AM,1:14 PM,4:40 PM,7:27 PM,8:39 PM
15/6/2025,18-Zhj-1446,Ahad,5:33 AM,5:43 AM,6:58 AM,1:14 PM,4:40 PM,7:27 PM,8:39 PM
16/6/2025,19-Zhj-1446,Isnin,5:33 AM,5:43 AM,6:58 AM,1:14 PM,4:41 PM,7:27 PM,8:39 PM
17/6/2025,20-Zhj-1446,Selasa,5:33 AM,5:43 AM,6:58 AM,1:15 PM,4:41 PM,7:28 PM,8:39 PM
18/6/2025,21-Zhj-1446,Rabu,5:33 AM,5:43 AM,6:59 AM,1:15 PM,4:41 PM,7:28 PM,8:40 PM
19/6/2025,22-Zhj-1446,Khamis,5:34 AM,5:44 AM,6:59 AM,1:15 PM,4:41 PM,7:28 PM,8:40 PM
20/6/2025,23-Zhj-1446,Jumaat,5:34 AM,5:44 AM,6:59 AM,1:15 PM,4:41 PM,7:28 PM,8:40 PM
21/6/2025,24-Zhj-1446,Sabtu,5:34 AM,5:44 AM,6:59 AM,1:15 PM,4:42 PM,7:29 PM,8:40 PM
22/6/2025,25-Zhj-1446,Ahad,5:34 AM,5:44 AM,6:59 AM,1:16 PM,4:42 PM,7:29 PM,8:40 PM
23/6/2025,26-Zhj-1446,Isnin,5:34 AM,5:44 AM,7:00 AM,1:16 PM,4:42 PM,7:29 PM,8:41 PM
24/6/2025,27-Zhj-1446,Selasa,5:35 AM,5:45 AM,7:00 AM,1:16 PM,4:42 PM,7:29 PM,8:41 PM
25/6/2025,28-Zhj-1446,Rabu,5:35 AM,5:45 AM,7:00 AM,1:16 PM,4:42 PM,7:29 PM,8:41 PM
26/6/2025,29-Zhj-1446,Khamis,5:35 AM,5:45 AM,7:00 AM,1:17 PM,4:43 PM,7:30 PM,8:41 PM
27/6/2025,01-Muh-1447,Jumaat,5:35 AM,5:45 AM,7:01 AM,1:17 PM,4:43 PM,7:30 PM,8:41 PM
28/6/2025,02-Muh-1447,Sabtu,5:36 AM,5:46 AM,7:01 AM,1:17 PM,4:43 PM,7:30 PM,8:42 PM
29/6/2025,03-Muh-1447,Ahad,5:36 AM,5:46 AM,7:01 AM,1:17 PM,4:43 PM,7:30 PM,8:42 PM
30/6/2025,04-Muh-1447,Isnin,5:36 AM,5:46 AM,7:01 AM,1:17 PM,4:43 PM,7:30 PM,8:42 PM
1/7/2025,05-Muh-1447,Selasa,5:36 AM,5:46 AM,7:02 AM,1:18 PM,4:43 PM,7:30 PM,8:42 PM
2/7/2025,06-Muh-1447,Rabu,5:37 AM,5:47 AM,7:02 AM,1:18 PM,4:44 PM,7:31 PM,8:42 PM
3/7/2025,07-Muh-1447,Khamis,5:37 AM,5:47 AM,7:02 AM,1:18 PM,4:44 PM,7:31 PM,8:42 PM
4/7/2025,08-Muh-1447,Jumaat,5:37 AM,5:47 AM,7:02 AM,1:18 PM,4:44 PM,7:31 PM,8:42 PM
5/7/2025,09-Muh-1447,Sabtu,5:38 AM,5:48 AM,7:02 AM,1:18 PM,4:44 PM,7:31 PM,8:42 PM
6/7/2025,10-Muh-1447,Ahad,5:38 AM,5:48 AM,7:03 AM,1:18 PM,4:44 PM,7:31 PM,8:42 PM
7/7/2025,11-Muh-1447,Isnin,5:38 AM,5:48 AM,7:03 AM,1:19 PM,4:44 PM,7:31 PM,8:42 PM
8/7/2025,12-Muh-1447,Selasa,5:38 AM,5:48 AM,7:03 AM,1:19 PM,4:44 PM,7:31 PM,8:42 PM
9/7/2025,13-Muh-1447,Rabu,5:39 AM,5:49 AM,7:03 AM,1:19 PM,4:44 PM,7:31 PM,8:42 PM
10/7/2025,14-Muh-1447,Khamis,5:39 AM,5:49 AM,7:03 AM,1:19 PM,4:44 PM,7:31 PM,8:43 PM
11/7/2025,15-Muh-1447,Jumaat,5:39 AM,5:49 AM,7:04 AM,1:19 PM,4:44 PM,7:32 PM,8:42 PM
12/7/2025,16-Muh-1447,Sabtu,5:40 AM,5:50 AM,7:04 AM,1:19 PM,4:44 PM,7:32 PM,8:42 PM
13/7/2025,17-Muh-1447,Ahad,5:40 AM,5:50 AM,7:04 AM,1:19 PM,4:44 PM,7:32 PM,8:42 PM
14/7/2025,18-Muh-1447,Isnin,5:40 AM,5:50 AM,7:04 AM,1:20 PM,4:44 PM,7:32 PM,8:42 PM
15/7/2025,19-Muh-1447,Selasa,5:40 AM,5:50 AM,7:04 AM,1:20 PM,4:44 PM,7:32 PM,8:42 PM
16/7/2025,20-Muh-1447,Rabu,5:41 AM,5:51 AM,7:05 AM,1:20 PM,4:44 PM,7:32 PM,8:42 PM
17/7/2025,21-Muh-1447,Khamis,5:41 AM,5:51 AM,7:05 AM,1:20 PM,4:44 PM,7:32 PM,8:42 PM
18/7/2025,22-Muh-1447,Jumaat,5:41 AM,5:51 AM,7:05 AM,1:20 PM,4:44 PM,7:32 PM,8:42 PM
19/7/2025,23-Muh-1447,Sabtu,5:41 AM,5:51 AM,7:05 AM,1:20 PM,4:43 PM,7:32 PM,8:42 PM
20/7/2025,24-Muh-1447,Ahad,5:42 AM,5:52 AM,7:05 AM,1:20 PM,4:43 PM,7:32 PM,8:42 PM
21/7/2025,25-Muh-1447,Isnin,5:42 AM,5:52 AM,7:05 AM,1:20 PM,4:43 PM,7:32 PM,8:42 PM
22/7/2025,26-Muh-1447,Selasa,5:42 AM,5:52 AM,7:06 AM,1:20 PM,4:43 PM,7:32 PM,8:42 PM
23/7/2025,27-Muh-1447,Rabu,5:42 AM,5:52 AM,7:06 AM,1:20 PM,4:43 PM,7:31 PM,8:41 PM
24/7/2025,28-Muh-1447,Khamis,5:43 AM,5:53 AM,7:06 AM,1:20 PM,4:43 PM,7:31 PM,8:41 PM
25/7/2025,29-Muh-1447,Jumaat,5:43 AM,5:53 AM,7:06 AM,1:20 PM,4:42 PM,7:31 PM,8:41 PM
26/7/2025,01-Saf-1447,Sabtu,5:43 AM,5:53 AM,7:06 AM,1:20 PM,4:42 PM,7:31 PM,8:41 PM
27/7/2025,02-Saf-1447,Ahad,5:43 AM,5:53 AM,7:06 AM,1:20 PM,4:42 PM,7:31 PM,8:41 PM
28/7/2025,03-Saf-1447,Isnin,5:44 AM,5:54 AM,7:06 AM,1:20 PM,4:41 PM,7:31 PM,8:40 PM
29/7/2025,04-Saf-1447,Selasa,5:44 AM,5:54 AM,7:06 AM,1:20 PM,4:41 PM,7:31 PM,8:40 PM
30/7/2025,05-Saf-1447,Rabu,5:44 AM,5:54 AM,7:06 AM,1:20 PM,4:41 PM,7:31 PM,8:40 PM
31/7/2025,06-Saf-1447,Khamis,5:44 AM,5:54 AM,7:07 AM,1:20 PM,4:40 PM,7:30 PM,8:39 PM
1/8/2025,07-Saf-1447,Jumaat,5:44 AM,5:54 AM,7:07 AM,1:20 PM,4:40 PM,7:30 PM,8:39 PM
2/8/2025,08-Saf-1447,Sabtu,5:45 AM,5:55 AM,7:07 AM,1:20 PM,4:40 PM,7:30 PM,8:39 PM
3/8/2025,09-Saf-1447,Ahad,5:45 AM,5:55 AM,7:07 AM,1:20 PM,4:39 PM,7:30 PM,8:39 PM
4/8/2025,10-Saf-1447,Isnin,5:45 AM,5:55 AM,7:07 AM,1:20 PM,4:39 PM,7:30 PM,8:38 PM
5/8/2025,11-Saf-1447,Selasa,5:45 AM,5:55 AM,7:07 AM,1:20 PM,4:38 PM,7:29 PM,8:38 PM
6/8/2025,12-Saf-1447,Rabu,5:45 AM,5:55 AM,7:07 AM,1:20 PM,4:38 PM,7:29 PM,8:38 PM
7/8/2025,13-Saf-1447,Khamis,5:45 AM,5:55 AM,7:07 AM,1:19 PM,4:37 PM,7:29 PM,8:37 PM
8/8/2025,14-Saf-1447,Jumaat,5:45 AM,5:55 AM,7:07 AM,1:19 PM,4:37 PM,7:29 PM,8:37 PM
9/8/2025,15-Saf-1447,Sabtu,5:45 AM,5:55 AM,7:07 AM,1:19 PM,4:36 PM,7:28 PM,8:36 PM
10/8/2025,16-Saf-1447,Ahad,5:46 AM,5:56 AM,7:07 AM,1:19 PM,4:36 PM,7:28 PM,8:36 PM
11/8/2025,17-Saf-1447,Isnin,5:46 AM,5:56 AM,7:07 AM,1:19 PM,4:35 PM,7:28 PM,8:36 PM
12/8/2025,18-Saf-1447,Selasa,5:46 AM,5:56 AM,7:07 AM,1:19 PM,4:35 PM,7:28 PM,8:35 PM
13/8/2025,19-Saf-1447,Rabu,5:46 AM,5:56 AM,7:07 AM,1:19 PM,4:34 PM,7:27 PM,8:35 PM
14/8/2025,20-Saf-1447,Khamis,5:46 AM,5:56 AM,7:07 AM,1:18 PM,4:33 PM,7:27 PM,8:34 PM
15/8/2025,21-Saf-1447,Jumaat,5:46 AM,5:56 AM,7:07 AM,1:18 PM,4:33 PM,7:27 PM,8:34 PM
16/8/2025,22-Saf-1447,Sabtu,5:46 AM,5:56 AM,7:07 AM,1:18 PM,4:32 PM,7:26 PM,8:33 PM
17/8/2025,23-Saf-1447,Ahad,5:46 AM,5:56 AM,7:06 AM,1:18 PM,4:31 PM,7:26 PM,8:33 PM
18/8/2025,24-Saf-1447,Isnin,5:46 AM,5:56 AM,7:06 AM,1:18 PM,4:31 PM,7:25 PM,8:33 PM
19/8/2025,25-Saf-1447,Selasa,5:46 AM,5:56 AM,7:06 AM,1:17 PM,4:30 PM,7:25 PM,8:32 PM
20/8/2025,26-Saf-1447,Rabu,5:46 AM,5:56 AM,7:06 AM,1:17 PM,4:29 PM,7:25 PM,8:32 PM
21/8/2025,27-Saf-1447,Khamis,5:46 AM,5:56 AM,7:06 AM,1:17 PM,4:28 PM,7:24 PM,8:31 PM
22/8/2025,28-Saf-1447,Jumaat,5:46 AM,5:56 AM,7:06 AM,1:17 PM,4:27 PM,7:24 PM,8:31 PM
23/8/2025,29-Saf-1447,Sabtu,5:46 AM,5:56 AM,7:06 AM,1:16 PM,4:27 PM,7:23 PM,8:30 PM
24/8/2025,30-Saf-1447,Ahad,5:46 AM,5:56 AM,7:06 AM,1:16 PM,4:26 PM,7:23 PM,8:30 PM
25/8/2025,01-Raw-1447,Isnin,5:46 AM,5:56 AM,7:06 AM,1:16 PM,4:25 PM,7:23 PM,8:29 PM
26/8/2025,02-Raw-1447,Selasa,5:46 AM,5:56 AM,7:06 AM,1:15 PM,4:24 PM,7:22 PM,8:29 PM
27/8/2025,03-Raw-1447,Rabu,5:46 AM,5:56 AM,7:05 AM,1:15 PM,4:23 PM,7:22 PM,8:28 PM
28/8/2025,04-Raw-1447,Khamis,5:46 AM,5:56 AM,7:05 AM,1:15 PM,4:22 PM,7:21 PM,8:28 PM
29/8/2025,05-Raw-1447,Jumaat,5:46 AM,5:56 AM,7:05 AM,1:15 PM,4:21 PM,7:21 PM,8:27 PM
30/8/2025,06-Raw-1447,Sabtu,5:46 AM,5:56 AM,7:05 AM,1:14 PM,4:20 PM,7:20 PM,8:26 PM
31/8/2025,07-Raw-1447,Ahad,5:46 AM,5:56 AM,7:05 AM,1:14 PM,4:19 PM,7:20 PM,8:26 PM
1/9/2025,08-Raw-1447,Isnin,5:46 AM,5:56 AM,7:05 AM,1:14 PM,4:18 PM,7:19 PM,8:25 PM
2/9/2025,09-Raw-1447,Selasa,5:46 AM,5:56 AM,7:05 AM,1:13 PM,4:17 PM,7:19 PM,8:25 PM
3/9/2025,10-Raw-1447,Rabu,5:46 AM,5:56 AM,7:04 AM,1:13 PM,4:16 PM,7:18 PM,8:24 PM
4/9/2025,11-Raw-1447,Khamis,5:45 AM,5:55 AM,7:04 AM,1:13 PM,4:15 PM,7:18 PM,8:24 PM
5/9/2025,12-Raw-1447,Jumaat,5:45 AM,5:55 AM,7:04 AM,1:12 PM,4:14 PM,7:17 PM,8:23 PM
6/9/2025,13-Raw-1447,Sabtu,5:45 AM,5:55 AM,7:04 AM,1:12 PM,4:13 PM,7:17 PM,8:23 PM
7/9/2025,14-Raw-1447,Ahad,5:45 AM,5:55 AM,7:04 AM,1:12 PM,4:12 PM,7:16 PM,8:22 PM
8/9/2025,15-Raw-1447,Isnin,5:45 AM,5:55 AM,7:04 AM,1:11 PM,4:12 PM,7:16 PM,8:21 PM
9/9/2025,16-Raw-1447,Selasa,5:45 AM,5:55 AM,7:03 AM,1:11 PM,4:12 PM,7:15 PM,8:21 PM
10/9/2025,17-Raw-1447,Rabu,5:45 AM,5:55 AM,7:03 AM,1:11 PM,4:13 PM,7:15 PM,8:20 PM
11/9/2025,18-Raw-1447,Khamis,5:45 AM,5:55 AM,7:03 AM,1:10 PM,4:13 PM,7:14 PM,8:20 PM
12/9/2025,19-Raw-1447,Jumaat,5:44 AM,5:54 AM,7:03 AM,1:10 PM,4:13 PM,7:14 PM,8:19 PM
13/9/2025,20-Raw-1447,Sabtu,5:44 AM,5:54 AM,7:03 AM,1:10 PM,4:14 PM,7:13 PM,8:19 PM
14/9/2025,21-Raw-1447,Ahad,5:44 AM,5:54 AM,7:02 AM,1:09 PM,4:14 PM,7:13 PM,8:18 PM
15/9/2025,22-Raw-1447,Isnin,5:44 AM,5:54 AM,7:02 AM,1:09 PM,4:14 PM,7:12 PM,8:18 PM
16/9/2025,23-Raw-1447,Selasa,5:44 AM,5:54 AM,7:02 AM,1:08 PM,4:14 PM,7:12 PM,8:17 PM
17/9/2025,24-Raw-1447,Rabu,5:44 AM,5:54 AM,7:02 AM,1:08 PM,4:14 PM,7:11 PM,8:16 PM
18/9/2025,25-Raw-1447,Khamis,5:43 AM,5:53 AM,7:02 AM,1:08 PM,4:15 PM,7:11 PM,8:16 PM
19/9/2025,26-Raw-1447,Jumaat,5:43 AM,5:53 AM,7:01 AM,1:07 PM,4:15 PM,7:10 PM,8:15 PM
20/9/2025,27-Raw-1447,Sabtu,5:43 AM,5:53 AM,7:01 AM,1:07 PM,4:15 PM,7:10 PM,8:15 PM
21/9/2025,28-Raw-1447,Ahad,5:43 AM,5:53 AM,7:01 AM,1:07 PM,4:15 PM,7:09 PM,8:14 PM
22/9/2025,29-Raw-1447,Isnin,5:43 AM,5:53 AM,7:01 AM,1:06 PM,4:15 PM,7:09 PM,8:14 PM
23/9/2025,01-Rak-1447,Selasa,5:43 AM,5:53 AM,7:01 AM,1:06 PM,4:15 PM,7:08 PM,8:13 PM
24/9/2025,02-Rak-1447,Rabu,5:42 AM,5:52 AM,7:00 AM,1:06 PM,4:16 PM,7:08 PM,8:13 PM
25/9/2025,03-Rak-1447,Khamis,5:42 AM,5:52 AM,7:00 AM,1:05 PM,4:16 PM,7:07 PM,8:12 PM
26/9/2025,04-Rak-1447,Jumaat,5:42 AM,5:52 AM,7:00 AM,1:05 PM,4:16 PM,7:07 PM,8:12 PM
27/9/2025,05-Rak-1447,Sabtu,5:42 AM,5:52 AM,7:00 AM,1:05 PM,4:16 PM,7:06 PM,8:11 PM
28/9/2025,06-Rak-1447,Ahad,5:42 AM,5:52 AM,7:00 AM,1:04 PM,4:16 PM,7:06 PM,8:11 PM
29/9/2025,07-Rak-1447,Isnin,5:42 AM,5:52 AM,7:00 AM,1:04 PM,4:16 PM,7:05 PM,8:10 PM
30/9/2025,08-Rak-1447,Selasa,5:41 AM,5:51 AM,6:59 AM,1:04 PM,4:16 PM,7:05 PM,8:10 PM
1/10/2025,09-Rak-1447,Rabu,5:41 AM,5:51 AM,6:59 AM,1:03 PM,4:16 PM,7:04 PM,8:09 PM
2/10/2025,10-Rak-1447,Khamis,5:41 AM,5:51 AM,6:59 AM,1:03 PM,4:16 PM,7:04 PM,8:09 PM
3/10/2025,11-Rak-1447,Jumaat,5:41 AM,5:51 AM,6:59 AM,1:03 PM,4:16 PM,7:03 PM,8:08 PM
4/10/2025,12-Rak-1447,Sabtu,5:41 AM,5:51 AM,6:59 AM,1:02 PM,4:16 PM,7:03 PM,8:08 PM
5/10/2025,13-Rak-1447,Ahad,5:40 AM,5:50 AM,6:59 AM,1:02 PM,4:17 PM,7:02 PM,8:07 PM
6/10/2025,14-Rak-1447,Isnin,5:40 AM,5:50 AM,6:59 AM,1:02 PM,4:17 PM,7:02 PM,8:07 PM
7/10/2025,15-Rak-1447,Selasa,5:40 AM,5:50 AM,6:58 AM,1:01 PM,4:17 PM,7:01 PM,8:07 PM
8/10/2025,16-Rak-1447,Rabu,5:40 AM,5:50 AM,6:58 AM,1:01 PM,4:17 PM,7:01 PM,8:06 PM
9/10/2025,17-Rak-1447,Khamis,5:40 AM,5:50 AM,6:58 AM,1:01 PM,4:17 PM,7:01 PM,8:06 PM
10/10/2025,18-Rak-1447,Jumaat,5:40 AM,5:50 AM,6:58 AM,1:01 PM,4:17 PM,7:00 PM,8:05 PM
11/10/2025,19-Rak-1447,Sabtu,5:39 AM,5:49 AM,6:58 AM,1:00 PM,4:17 PM,7:00 PM,8:05 PM
12/10/2025,20-Rak-1447,Ahad,5:39 AM,5:49 AM,6:58 AM,1:00 PM,4:17 PM,6:59 PM,8:05 PM
13/10/2025,21-Rak-1447,Isnin,5:39 AM,5:49 AM,6:58 AM,1:00 PM,4:17 PM,6:59 PM,8:04 PM
14/10/2025,22-Rak-1447,Selasa,5:39 AM,5:49 AM,6:58 AM,1:00 PM,4:17 PM,6:58 PM,8:04 PM
15/10/2025,23-Rak-1447,Rabu,5:39 AM,5:49 AM,6:58 AM,12:59 PM,4:17 PM,6:58 PM,8:04 PM
16/10/2025,24-Rak-1447,Khamis,5:39 AM,5:49 AM,6:58 AM,12:59 PM,4:17 PM,6:58 PM,8:03 PM
17/10/2025,25-Rak-1447,Jumaat,5:39 AM,5:49 AM,6:57 AM,12:59 PM,4:17 PM,6:57 PM,8:03 PM
18/10/2025,26-Rak-1447,Sabtu,5:39 AM,5:49 AM,6:57 AM,12:59 PM,4:17 PM,6:57 PM,8:03 PM
19/10/2025,27-Rak-1447,Ahad,5:38 AM,5:48 AM,6:57 AM,12:59 PM,4:17 PM,6:57 PM,8:03 PM
20/10/2025,28-Rak-1447,Isnin,5:38 AM,5:48 AM,6:57 AM,12:58 PM,4:17 PM,6:56 PM,8:02 PM
21/10/2025,29-Rak-1447,Selasa,5:38 AM,5:48 AM,6:57 AM,12:58 PM,4:17 PM,6:56 PM,8:02 PM
22/10/2025,30-Rak-1447,Rabu,5:38 AM,5:48 AM,6:57 AM,12:58 PM,4:17 PM,6:56 PM,8:02 PM
23/10/2025,01-Jaw-1447,Khamis,5:38 AM,5:48 AM,6:57 AM,12:58 PM,4:17 PM,6:55 PM,8:02 PM
24/10/2025,02-Jaw-1447,Jumaat,5:38 AM,5:48 AM,6:57 AM,12:58 PM,4:17 PM,6:55 PM,8:01 PM
25/10/2025,03-Jaw-1447,Sabtu,5:38 AM,5:48 AM,6:57 AM,12:58 PM,4:17 PM,6:55 PM,8:01 PM
26/10/2025,04-Jaw-1447,Ahad,5:38 AM,5:48 AM,6:57 AM,12:58 PM,4:17 PM,6:55 PM,8:01 PM
27/10/2025,05-Jaw-1447,Isnin,5:38 AM,5:48 AM,6:58 AM,12:58 PM,4:17 PM,6:54 PM,8:01 PM
28/10/2025,06-Jaw-1447,Selasa,5:38 AM,5:48 AM,6:58 AM,12:57 PM,4:17 PM,6:54 PM,8:01 PM
29/10/2025,07-Jaw-1447,Rabu,5:38 AM,5:48 AM,6:58 AM,12:57 PM,4:17 PM,6:54 PM,8:01 PM
30/10/2025,08-Jaw-1447,Khamis,5:38 AM,5:48 AM,6:58 AM,12:57 PM,4:17 PM,6:54 PM,8:00 PM
31/10/2025,09-Jaw-1447,Jumaat,5:38 AM,5:48 AM,6:58 AM,12:57 PM,4:17 PM,6:54 PM,8:00 PM
1/11/2025,10-Jaw-1447,Sabtu,5:38 AM,5:48 AM,6:58 AM,12:57 PM,4:17 PM,6:53 PM,8:00 PM
2/11/2025,11-Jaw-1447,Ahad,5:38 AM,5:48 AM,6:58 AM,12:57 PM,4:18 PM,6:53 PM,8:00 PM
3/11/2025,12-Jaw-1447,Isnin,5:38 AM,5:48 AM,6:58 AM,12:57 PM,4:18 PM,6:53 PM,8:00 PM
4/11/2025,13-Jaw-1447,Selasa,5:38 AM,5:48 AM,6:58 AM,12:57 PM,4:18 PM,6:53 PM,8:00 PM
5/11/2025,14-Jaw-1447,Rabu,5:38 AM,5:48 AM,6:58 AM,12:57 PM,4:18 PM,6:53 PM,8:00 PM
6/11/2025,15-Jaw-1447,Khamis,5:38 AM,5:48 AM,6:59 AM,12:57 PM,4:18 PM,6:53 PM,8:00 PM
7/11/2025,16-Jaw-1447,Jumaat,5:38 AM,5:48 AM,6:59 AM,12:57 PM,4:18 PM,6:53 PM,8:00 PM
8/11/2025,17-Jaw-1447,Sabtu,5:38 AM,5:48 AM,6:59 AM,12:57 PM,4:18 PM,6:53 PM,8:00 PM
9/11/2025,18-Jaw-1447,Ahad,5:38 AM,5:48 AM,6:59 AM,12:57 PM,4:18 PM,6:53 PM,8:00 PM
10/11/2025,19-Jaw-1447,Isnin,5:38 AM,5:48 AM,6:59 AM,12:58 PM,4:18 PM,6:52 PM,8:00 PM
11/11/2025,20-Jaw-1447,Selasa,5:39 AM,5:49 AM,7:00 AM,12:58 PM,4:19 PM,6:52 PM,8:00 PM
12/11/2025,21-Jaw-1447,Rabu,5:39 AM,5:49 AM,7:00 AM,12:58 PM,4:19 PM,6:52 PM,8:01 PM
13/11/2025,22-Jaw-1447,Khamis,5:39 AM,5:49 AM,7:00 AM,12:58 PM,4:19 PM,6:52 PM,8:01 PM
14/11/2025,23-Jaw-1447,Jumaat,5:39 AM,5:49 AM,7:00 AM,12:58 PM,4:19 PM,6:53 PM,8:01 PM
15/11/2025,24-Jaw-1447,Sabtu,5:39 AM,5:49 AM,7:01 AM,12:58 PM,4:19 PM,6:53 PM,8:01 PM
16/11/2025,25-Jaw-1447,Ahad,5:39 AM,5:49 AM,7:01 AM,12:58 PM,4:20 PM,6:53 PM,8:01 PM
17/11/2025,26-Jaw-1447,Isnin,5:40 AM,5:50 AM,7:01 AM,12:59 PM,4:20 PM,6:53 PM,8:01 PM
18/11/2025,27-Jaw-1447,Selasa,5:40 AM,5:50 AM,7:02 AM,12:59 PM,4:20 PM,6:53 PM,8:01 PM
19/11/2025,28-Jaw-1447,Rabu,5:40 AM,5:50 AM,7:02 AM,12:59 PM,4:20 PM,6:53 PM,8:02 PM
20/11/2025,29-Jaw-1447,Khamis,5:40 AM,5:50 AM,7:02 AM,12:59 PM,4:20 PM,6:53 PM,8:02 PM
21/11/2025,30-Jaw-1447,Jumaat,5:40 AM,5:50 AM,7:03 AM,12:59 PM,4:21 PM,6:53 PM,8:02 PM
22/11/2025,01-Jak-1447,Sabtu,5:41 AM,5:51 AM,7:03 AM,1:00 PM,4:21 PM,6:53 PM,8:02 PM
23/11/2025,02-Jak-1447,Ahad,5:41 AM,5:51 AM,7:03 AM,1:00 PM,4:21 PM,6:54 PM,8:03 PM
24/11/2025,03-Jak-1447,Isnin,5:41 AM,5:51 AM,7:04 AM,1:00 PM,4:21 PM,6:54 PM,8:03 PM
25/11/2025,04-Jak-1447,Selasa,5:42 AM,5:52 AM,7:04 AM,1:01 PM,4:22 PM,6:54 PM,8:03 PM
26/11/2025,05-Jak-1447,Rabu,5:42 AM,5:52 AM,7:05 AM,1:01 PM,4:22 PM,6:54 PM,8:04 PM
27/11/2025,06-Jak-1447,Khamis,5:42 AM,5:52 AM,7:05 AM,1:01 PM,4:22 PM,6:54 PM,8:04 PM
28/11/2025,07-Jak-1447,Jumaat,5:42 AM,5:52 AM,7:05 AM,1:02 PM,4:23 PM,6:55 PM,8:04 PM
29/11/2025,08-Jak-1447,Sabtu,5:43 AM,5:53 AM,7:06 AM,1:02 PM,4:23 PM,6:55 PM,8:05 PM
30/11/2025,09-Jak-1447,Ahad,5:43 AM,5:53 AM,7:06 AM,1:02 PM,4:23 PM,6:55 PM,8:05 PM
1/12/2025,10-Jak-1447,Isnin,5:44 AM,5:54 AM,7:07 AM,1:03 PM,4:24 PM,6:55 PM,8:05 PM
2/12/2025,11-Jak-1447,Selasa,5:44 AM,5:54 AM,7:07 AM,1:03 PM,4:24 PM,6:56 PM,8:06 PM
3/12/2025,12-Jak-1447,Rabu,5:44 AM,5:54 AM,7:08 AM,1:03 PM,4:25 PM,6:56 PM,8:06 PM
4/12/2025,13-Jak-1447,Khamis,5:45 AM,5:55 AM,7:08 AM,1:04 PM,4:25 PM,6:56 PM,8:06 PM
5/12/2025,14-Jak-1447,Jumaat,5:45 AM,5:55 AM,7:08 AM,1:04 PM,4:25 PM,6:57 PM,8:07 PM
6/12/2025,15-Jak-1447,Sabtu,5:45 AM,5:55 AM,7:09 AM,1:05 PM,4:26 PM,6:57 PM,8:07 PM
7/12/2025,16-Jak-1447,Ahad,5:46 AM,5:56 AM,7:09 AM,1:05 PM,4:26 PM,6:58 PM,8:08 PM
8/12/2025,17-Jak-1447,Isnin,5:46 AM,5:56 AM,7:10 AM,1:05 PM,4:27 PM,6:58 PM,8:08 PM
9/12/2025,18-Jak-1447,Selasa,5:47 AM,5:57 AM,7:10 AM,1:06 PM,4:27 PM,6:58 PM,8:09 PM
10/12/2025,19-Jak-1447,Rabu,5:47 AM,5:57 AM,7:11 AM,1:06 PM,4:27 PM,6:59 PM,8:09 PM
11/12/2025,20-Jak-1447,Khamis,5:48 AM,5:58 AM,7:11 AM,1:07 PM,4:28 PM,6:59 PM,8:10 PM
12/12/2025,21-Jak-1447,Jumaat,5:48 AM,5:58 AM,7:12 AM,1:07 PM,4:28 PM,7:00 PM,8:10 PM
13/12/2025,22-Jak-1447,Sabtu,5:49 AM,5:59 AM,7:12 AM,1:08 PM,4:29 PM,7:00 PM,8:10 PM
14/12/2025,23-Jak-1447,Ahad,5:49 AM,5:59 AM,7:13 AM,1:08 PM,4:29 PM,7:00 PM,8:11 PM
15/12/2025,24-Jak-1447,Isnin,5:50 AM,6:00 AM,7:13 AM,1:09 PM,4:30 PM,7:01 PM,8:11 PM
16/12/2025,25-Jak-1447,Selasa,5:50 AM,6:00 AM,7:14 AM,1:09 PM,4:30 PM,7:01 PM,8:12 PM
17/12/2025,26-Jak-1447,Rabu,5:50 AM,6:00 AM,7:14 AM,1:10 PM,4:31 PM,7:02 PM,8:12 PM
18/12/2025,27-Jak-1447,Khamis,5:51 AM,6:01 AM,7:15 AM,1:10 PM,4:31 PM,7:02 PM,8:13 PM
19/12/2025,28-Jak-1447,Jumaat,5:51 AM,6:01 AM,7:15 AM,1:11 PM,4:32 PM,7:03 PM,8:13 PM
20/12/2025,29-Jak-1447,Sabtu,5:52 AM,6:02 AM,7:16 AM,1:11 PM,4:32 PM,7:03 PM,8:14 PM
21/12/2025,30-Jak-1447,Ahad,5:52 AM,6:02 AM,7:16 AM,1:12 PM,4:33 PM,7:04 PM,8:14 PM
22/12/2025,01-Rej-1447,Isnin,5:53 AM,6:03 AM,7:17 AM,1:12 PM,4:33 PM,7:04 PM,8:15 PM
23/12/2025,02-Rej-1447,Selasa,5:53 AM,6:03 AM,7:17 AM,1:13 PM,4:34 PM,7:05 PM,8:15 PM
24/12/2025,03-Rej-1447,Rabu,5:54 AM,6:04 AM,7:18 AM,1:13 PM,4:34 PM,7:05 PM,8:16 PM
25/12/2025,04-Rej-1447,Khamis,5:54 AM,6:04 AM,7:18 AM,1:14 PM,4:35 PM,7:06 PM,8:16 PM
26/12/2025,05-Rej-1447,Jumaat,5:55 AM,6:05 AM,7:19 AM,1:14 PM,4:35 PM,7:06 PM,8:17 PM
27/12/2025,06-Rej-1447,Sabtu,5:55 AM,6:05 AM,7:19 AM,1:15 PM,4:36 PM,7:07 PM,8:17 PM
28/12/2025,07-Rej-1447,Ahad,5:56 AM,6:06 AM,7:20 AM,1:15 PM,4:36 PM,7:07 PM,8:18 PM
29/12/2025,08-Rej-1447,Isnin,5:56 AM,6:06 AM,7:20 AM,1:16 PM,4:37 PM,7:08 PM,8:18 PM
30/12/2025,09-Rej-1447,Selasa,5:57 AM,6:07 AM,7:21 AM,1:16 PM,4:37 PM,7:08 PM,8:19 PM
31/12/2025,10-Rej-1447,Rabu,5:57 AM,6:07 AM,7:21 AM,1:17 PM,4:38 PM,7:09 PM,8:19 PM
